SKU	Product Title
长款L020	10pcs Handmade Press on Nails, Nude Glossy Long Almond Y2K Coquette Bridal Prom Graduation Nailrosy
长款L022	10pcs Handmade Press on Nails, Blush Pink Matte Long Almond Y2K Coquette Bridal Prom Graduation Nailrosy
长款L029	10pcs Handmade Press on Nails, Milky White Glossy Long Almond Y2K Coquette Bridal Prom Graduation Nailrosy
长款L032	10pcs Handmade Press on Nails, Baby Blue Glitter Long Almond Y2K Coquette Bridal Prom Graduation Nailrosy
长款L034	10pcs Handmade Press on Nails, Lavender Pearl Long Almond Y2K Coquette Bridal Prom Graduation Nailrosy
长款L038	10pcs Handmade Press on Nails, Hot Pink Shimmer Long Almond Y2K Coquette Bridal Prom Graduation Nailrosy
长款L039	10pcs Handmade Press on Nails, Cherry Red Glossy Long Almond Y2K Coquette Bridal Prom Graduation Nailrosy
长款L041	10pcs Handmade Press on Nails, Burgundy Matte Long Almond Y2K Coquette Bridal Prom Graduation Nailrosy
长款L045	10pcs Handmade Press on Nails, Mint Green Jelly/Glazed Long Almond Y2K Coquette Bridal Prom Graduation Nailrosy
长款L047	10pcs Handmade Press on Nails, Peach Glossy Long Almond Y2K Coquette Bridal Prom Graduation Nailrosy
长款L048	10pcs Handmade Press on Nails, Coral Shimmer Long Almond Y2K Coquette Bridal Prom Graduation Nailrosy
长款L049	10pcs Handmade Press on Nails, Silver Chrome Chrome Long Almond Y2K Coquette Bridal Prom Graduation Nailrosy
长款L050	10pcs Handmade Press on Nails, Black Matte Long Almond Y2K Coquette Bridal Prom Graduation Nailrosy
长款L051	10pcs Handmade Press on Nails, Ivory Glossy Long Almond Y2K Coquette Bridal Prom Graduation Nailrosy
长款L053	IMAGE_NOT_AVAILABLE
长款L054	10pcs Handmade Press on Nails, Champagne Gold Metallic Long Almond Y2K Coquette Bridal Prom Graduation Nailrosy
长款L055	10pcs Handmade Press on Nails, Mocha Matte Long Almond Y2K Coquette Bridal Prom Graduation Nailrosy
长款L056	10pcs Handmade Press on Nails, Caramel Glossy Long Almond Y2K Coquette Bridal Prom Graduation Nailrosy
长款L057	10pcs Handmade Press on Nails, Turquoise Glitter Long Almond Y2K Coquette Bridal Prom Graduation Nailrosy
长款L061	10pcs Handmade Press on Nails, Wine Red Glossy Long Almond Y2K Coquette Bridal Prom Graduation Nailrosy
长款L062	10pcs Handmade Press on Nails, Sage Green Matte Long Almond Y2K Coquette Bridal Prom Graduation Nailrosy
长款L063	10pcs Handmade Press on Nails, Olive Pearl Long Almond Y2K Coquette Bridal Prom Graduation Nailrosy
长款L064	10pcs Handmade Press on Nails, Rose Gold Shimmer Long Almond Y2K Coquette Bridal Prom Graduation Nailrosy
长款L065	10pcs Handmade Press on Nails, Plum Glossy Long Almond Y2K Coquette Bridal Prom Graduation Nailrosy
长款L066	10pcs Handmade Press on Nails, Ruby Matte Long Almond Y2K Coquette Bridal Prom Graduation Nailrosy
长款L067	10pcs Handmade Press on Nails, Fuchsia Glitter Long Almond Y2K Coquette Bridal Prom Graduation Nailrosy
长款L070	10pcs Handmade Press on Nails, Emerald Glossy Long Almond Y2K Coquette Bridal Prom Graduation Nailrosy
长款L071	10pcs Handmade Press on Nails, Honey Matte Long Almond Y2K Coquette Bridal Prom Graduation Nailrosy
长款L073	10pcs Handmade Press on Nails, Apricot Pearl Long Almond Y2K Coquette Bridal Prom Graduation Nailrosy
长款L074	10pcs Handmade Press on Nails, Cinnamon Shimmer Long Almond Y2K Coquette Bridal Prom Graduation Nailrosy
长款L075	10pcs Handmade Press on Nails, Nude Glossy Long Almond Y2K Coquette Bridal Prom Graduation Nailrosy
长款L077	10pcs Handmade Press on Nails, Blush Pink Matte Long Almond Y2K Coquette Bridal Prom Graduation Nailrosy
长款L078	10pcs Handmade Press on Nails, Milky White Glitter Long Almond Y2K Coquette Bridal Prom Graduation Nailrosy
长款L081	10pcs Handmade Press on Nails, Baby Blue Glossy Long Almond Y2K Coquette Bridal Prom Graduation Nailrosy
长款L082	10pcs Handmade Press on Nails, Lavender Matte Long Almond Y2K Coquette Bridal Prom Graduation Nailrosy
长款L083	10pcs Handmade Press on Nails, Hot Pink Pearl Long Almond Y2K Coquette Bridal Prom Graduation Nailrosy
长款L085	10pcs Handmade Press on Nails, Cherry Red Shimmer Long Almond Y2K Coquette Bridal Prom Graduation Nailrosy
长款L086	10pcs Handmade Press on Nails, Burgundy Glossy Long Almond Y2K Coquette Bridal Prom Graduation Nailrosy
长款L088	10pcs Handmade Press on Nails, Mint Green Matte Long Almond Y2K Coquette Bridal Prom Graduation Nailrosy
长款L091	10pcs Handmade Press on Nails, Peach Jelly/Glazed Long Almond Y2K Coquette Bridal Prom Graduation Nailrosy
长款L093	10pcs Handmade Press on Nails, Coral Glossy Long Almond Y2K Coquette Bridal Prom Graduation Nailrosy
长款L094	10pcs Handmade Press on Nails, Silver Chrome Glitter Long Almond Y2K Coquette Bridal Prom Graduation Nailrosy
长款L096	10pcs Handmade Press on Nails, Black Matte Long Almond Y2K Coquette Bridal Prom Graduation Nailrosy
长款L097	10pcs Handmade Press on Nails, Ivory Pearl Long Almond Y2K Coquette Bridal Prom Graduation Nailrosy
长款L098	10pcs Handmade Press on Nails, Champagne Gold Shimmer Long Almond Y2K Coquette Bridal Prom Graduation Nailrosy
长款L099	10pcs Handmade Press on Nails, Mocha Glossy Long Almond Y2K Coquette Bridal Prom Graduation Nailrosy
长款L100	10pcs Handmade Press on Nails, Caramel Matte Long Almond Y2K Coquette Bridal Prom Graduation Nailrosy
长款L102	10pcs Handmade Press on Nails, Turquoise Glitter Long Almond Y2K Coquette Bridal Prom Graduation Nailrosy
长款L103	10pcs Handmade Press on Nails, Wine Red Glossy Long Almond Y2K Coquette Bridal Prom Graduation Nailrosy
长款L105	10pcs Handmade Press on Nails, Sage Green Matte Long Almond Y2K Coquette Bridal Prom Graduation Nailrosy
长款L106	10pcs Handmade Press on Nails, Olive Pearl Long Almond Y2K Coquette Bridal Prom Graduation Nailrosy
长款L108	10pcs Handmade Press on Nails, Rose Gold Shimmer Long Almond Y2K Coquette Bridal Prom Graduation Nailrosy
长款L110	10pcs Handmade Press on Nails, Plum Glossy Long Almond Y2K Coquette Bridal Prom Graduation Nailrosy
长款L111	10pcs Handmade Press on Nails, Ruby Matte Long Almond Y2K Coquette Bridal Prom Graduation Nailrosy
长款L112	10pcs Handmade Press on Nails, Fuchsia Glitter Long Almond Y2K Coquette Bridal Prom Graduation Nailrosy
长款L114	10pcs Handmade Press on Nails, Emerald Glossy Long Almond Y2K Coquette Bridal Prom Graduation Nailrosy
长款L115	10pcs Handmade Press on Nails, Honey Matte Long Almond Y2K Coquette Bridal Prom Graduation Nailrosy
长款L120	10pcs Handmade Press on Nails, Apricot Pearl Long Almond Y2K Coquette Bridal Prom Graduation Nailrosy
长款L121	10pcs Handmade Press on Nails, Cinnamon Shimmer Long Almond Y2K Coquette Bridal Prom Graduation Nailrosy
长款L122	10pcs Handmade Press on Nails, Nude Glossy Long Almond Y2K Coquette Bridal Prom Graduation Nailrosy
长款L123	10pcs Handmade Press on Nails, Blush Pink Matte Long Almond Y2K Coquette Bridal Prom Graduation Nailrosy
长款L126	10pcs Handmade Press on Nails, Milky White Glitter Long Almond Y2K Coquette Bridal Prom Graduation Nailrosy
长款L130	10pcs Handmade Press on Nails, Baby Blue Glossy Long Almond Y2K Coquette Bridal Prom Graduation Nailrosy
长款L131	10pcs Handmade Press on Nails, Lavender Matte Long Almond Y2K Coquette Bridal Prom Graduation Nailrosy
长款L132	10pcs Handmade Press on Nails, Hot Pink Pearl Long Almond Y2K Coquette Bridal Prom Graduation Nailrosy
长款L135	10pcs Handmade Press on Nails, Cherry Red Shimmer Long Almond Y2K Coquette Bridal Prom Graduation Nailrosy
长款L136	10pcs Handmade Press on Nails, Burgundy Glossy Long Almond Y2K Coquette Bridal Prom Graduation Nailrosy
长款L137	10pcs Handmade Press on Nails, Mint Green Matte Long Almond Y2K Coquette Bridal Prom Graduation Nailrosy
长款L138	10pcs Handmade Press on Nails, Peach Jelly/Glazed Long Almond Y2K Coquette Bridal Prom Graduation Nailrosy
长款L139	10pcs Handmade Press on Nails, Coral Glossy Long Almond Y2K Coquette Bridal Prom Graduation Nailrosy
长款L140	10pcs Handmade Press on Nails, Silver Chrome Glitter Long Almond Y2K Coquette Bridal Prom Graduation Nailrosy
长款L143	10pcs Handmade Press on Nails, Black Matte Long Almond Y2K Coquette Bridal Prom Graduation Nailrosy
长款L144	10pcs Handmade Press on Nails, Ivory Pearl Long Almond Y2K Coquette Bridal Prom Graduation Nailrosy
长款L145	10pcs Handmade Press on Nails, Champagne Gold Shimmer Long Almond Y2K Coquette Bridal Prom Graduation Nailrosy
长款L148	10pcs Handmade Press on Nails, Mocha Glossy Long Almond Y2K Coquette Bridal Prom Graduation Nailrosy
长款L149	10pcs Handmade Press on Nails, Caramel Matte Long Almond Y2K Coquette Bridal Prom Graduation Nailrosy
长款L150	10pcs Handmade Press on Nails, Turquoise Glitter Long Almond Y2K Coquette Bridal Prom Graduation Nailrosy
长款L151	10pcs Handmade Press on Nails, Wine Red Glossy Long Almond Y2K Coquette Bridal Prom Graduation Nailrosy
长款L152	10pcs Handmade Press on Nails, Sage Green Matte Long Almond Y2K Coquette Bridal Prom Graduation Nailrosy
长款L153	10pcs Handmade Press on Nails, Olive Pearl Long Almond Y2K Coquette Bridal Prom Graduation Nailrosy
长款L154	10pcs Handmade Press on Nails, Rose Gold Shimmer Long Almond Y2K Coquette Bridal Prom Graduation Nailrosy
长款L155	10pcs Handmade Press on Nails, Plum Glossy Long Almond Y2K Coquette Bridal Prom Graduation Nailrosy
长款L156	10pcs Handmade Press on Nails, Ruby Matte Long Almond Y2K Coquette Bridal Prom Graduation Nailrosy
长款L157	10pcs Handmade Press on Nails, Fuchsia Glitter Long Almond Y2K Coquette Bridal Prom Graduation Nailrosy
长款L158	10pcs Handmade Press on Nails, Emerald Glossy Long Almond Y2K Coquette Bridal Prom Graduation Nailrosy
长款L159	10pcs Handmade Press on Nails, Honey Matte Long Almond Y2K Coquette Bridal Prom Graduation Nailrosy
长款L160	10pcs Handmade Press on Nails, Apricot Pearl Long Almond Y2K Coquette Bridal Prom Graduation Nailrosy
长款L161	10pcs Handmade Press on Nails, Cinnamon Shimmer Long Almond Y2K Coquette Bridal Prom Graduation Nailrosy
长款L163	10pcs Handmade Press on Nails, Nude Glossy Long Almond Y2K Coquette Bridal Prom Graduation Nailrosy
长款L164	10pcs Handmade Press on Nails, Blush Pink Matte Long Almond Y2K Coquette Bridal Prom Graduation Nailrosy
长款L165	10pcs Handmade Press on Nails, Milky White Glitter Long Almond Y2K Coquette Bridal Prom Graduation Nailrosy
长款L166	10pcs Handmade Press on Nails, Baby Blue Glossy Long Almond Y2K Coquette Bridal Prom Graduation Nailrosy
长款L167	10pcs Handmade Press on Nails, Lavender Matte Long Almond Y2K Coquette Bridal Prom Graduation Nailrosy
长款L168	10pcs Handmade Press on Nails, Hot Pink Pearl Long Almond Y2K Coquette Bridal Prom Graduation Nailrosy
长款L169	10pcs Handmade Press on Nails, Cherry Red Shimmer Long Almond Y2K Coquette Bridal Prom Graduation Nailrosy
长款L170	10pcs Handmade Press on Nails, Burgundy Glossy Long Almond Y2K Coquette Bridal Prom Graduation Nailrosy
长款L171	10pcs Handmade Press on Nails, Mint Green Matte Long Almond Y2K Coquette Bridal Prom Graduation Nailrosy
长款L172	10pcs Handmade Press on Nails, Peach Jelly/Glazed Long Almond Y2K Coquette Bridal Prom Graduation Nailrosy
长款L174	10pcs Handmade Press on Nails, Coral Glossy Long Almond Y2K Coquette Bridal Prom Graduation Nailrosy
长款L175	10pcs Handmade Press on Nails, Silver Chrome Glitter Long Almond Y2K Coquette Bridal Prom Graduation Nailrosy
长款L176	10pcs Handmade Press on Nails, Black Matte Long Almond Y2K Coquette Bridal Prom Graduation Nailrosy
长款L177	10pcs Handmade Press on Nails, Ivory Pearl Long Almond Y2K Coquette Bridal Prom Graduation Nailrosy
长款L178	10pcs Handmade Press on Nails, Champagne Gold Shimmer Long Almond Y2K Coquette Bridal Prom Graduation Nailrosy
长款L179	10pcs Handmade Press on Nails, Mocha Glossy Long Almond Y2K Coquette Bridal Prom Graduation Nailrosy
长款L180	10pcs Handmade Press on Nails, Caramel Matte Long Almond Y2K Coquette Bridal Prom Graduation Nailrosy
长款L181	10pcs Handmade Press on Nails, Turquoise Glitter Long Almond Y2K Coquette Bridal Prom Graduation Nailrosy
长款L182	10pcs Handmade Press on Nails, Wine Red Glossy Long Almond Y2K Coquette Bridal Prom Graduation Nailrosy
长款L183	10pcs Handmade Press on Nails, Sage Green Matte Long Almond Y2K Coquette Bridal Prom Graduation Nailrosy
长款L184	IMAGE_NOT_AVAILABLE
长款L185	10pcs Handmade Press on Nails, Olive Pearl Long Almond Y2K Coquette Bridal Prom Graduation Nailrosy
长款L186	10pcs Handmade Press on Nails, Rose Gold Shimmer Long Almond Y2K Coquette Bridal Prom Graduation Nailrosy
长款L187	10pcs Handmade Press on Nails, Plum Glossy Long Almond Y2K Coquette Bridal Prom Graduation Nailrosy
长款L188	10pcs Handmade Press on Nails, Ruby Matte Long Almond Y2K Coquette Bridal Prom Graduation Nailrosy
长款L190	10pcs Handmade Press on Nails, Fuchsia Glitter Long Almond Y2K Coquette Bridal Prom Graduation Nailrosy
长款L191	10pcs Handmade Press on Nails, Emerald Glossy Long Almond Y2K Coquette Bridal Prom Graduation Nailrosy
长款L193	10pcs Handmade Press on Nails, Honey Matte Long Almond Y2K Coquette Bridal Prom Graduation Nailrosy
长款L194	10pcs Handmade Press on Nails, Apricot Pearl Long Almond Y2K Coquette Bridal Prom Graduation Nailrosy
长款L195	10pcs Handmade Press on Nails, Cinnamon Shimmer Long Almond Y2K Coquette Bridal Prom Graduation Nailrosy
长款L197	10pcs Handmade Press on Nails, Nude Glossy Long Almond Y2K Coquette Bridal Prom Graduation Nailrosy
长款L198	10pcs Handmade Press on Nails, Blush Pink Matte Long Almond Y2K Coquette Bridal Prom Graduation Nailrosy
长款L199	10pcs Handmade Press on Nails, Milky White Glitter Long Almond Y2K Coquette Bridal Prom Graduation Nailrosy
长款L200	10pcs Handmade Press on Nails, Baby Blue Glossy Long Almond Y2K Coquette Bridal Prom Graduation Nailrosy
长款L201	10pcs Handmade Press on Nails, Lavender Matte Long Almond Y2K Coquette Bridal Prom Graduation Nailrosy
长款L202	10pcs Handmade Press on Nails, Hot Pink Pearl Long Almond Y2K Coquette Bridal Prom Graduation Nailrosy
长款L204	10pcs Handmade Press on Nails, Cherry Red Shimmer Long Almond Y2K Coquette Bridal Prom Graduation Nailrosy
长款L205	10pcs Handmade Press on Nails, Burgundy Glossy Long Almond Y2K Coquette Bridal Prom Graduation Nailrosy
长款L207	10pcs Handmade Press on Nails, Mint Green Matte Long Almond Y2K Coquette Bridal Prom Graduation Nailrosy
长款L208	10pcs Handmade Press on Nails, Peach Jelly/Glazed Long Almond Y2K Coquette Bridal Prom Graduation Nailrosy
长款L209	10pcs Handmade Press on Nails, Coral Glossy Long Almond Y2K Coquette Bridal Prom Graduation Nailrosy
长款L211	10pcs Handmade Press on Nails, Silver Chrome Glitter Long Almond Y2K Coquette Bridal Prom Graduation Nailrosy
长款L212	10pcs Handmade Press on Nails, Black Matte Long Almond Y2K Coquette Bridal Prom Graduation Nailrosy
长款L214	10pcs Handmade Press on Nails, Ivory Pearl Long Almond Y2K Coquette Bridal Prom Graduation Nailrosy
长款L224	10pcs Handmade Press on Nails, Champagne Gold Shimmer Long Almond Y2K Coquette Bridal Prom Graduation Nailrosy
长款L299	10pcs Handmade Press on Nails, Mocha Glossy Long Almond Y2K Coquette Bridal Prom Graduation Nailrosy
长款L300	10pcs Handmade Press on Nails, Caramel Matte Long Almond Y2K Coquette Bridal Prom Graduation Nailrosy
长款L303	10pcs Handmade Press on Nails, Turquoise Glitter Long Almond Y2K Coquette Bridal Prom Graduation Nailrosy
长款L304	10pcs Handmade Press on Nails, Wine Red Glossy Long Almond Y2K Coquette Bridal Prom Graduation Nailrosy
长款L305	10pcs Handmade Press on Nails, Sage Green Matte Long Almond Y2K Coquette Bridal Prom Graduation Nailrosy
长款L306	10pcs Handmade Press on Nails, Olive Pearl Long Almond Y2K Coquette Bridal Prom Graduation Nailrosy